Name,Birthdate
Ella,1993-03-15
Mason,1986-03-25
Avery,2005-03-08
Jackson,1979-03-18
Scarlett,1996-03-03
Luke,1983-03-12
Grace,2007-03-30
Michael,1975-03-22
Luna,1990-03-10
Jacob,1999-03-25
Sophie,2001-03-01
Emma,1995-03-05
Henry,1988-03-10
Ethan,1976-03-28
Lily,2004-03-15
Madison,1998-03-20
Harper,2009-03-11
Aiden,1982-03-28
Evelyn,1993-03-19
Logan,2002-03-07
Zoey,2006-03-31
Lucas,1987-03-14
Aria,2000-03-09
Liam,1972-03-23
Brooklyn,2008-03-16
Mia,1991-03-05
Ava,1994-03-12
Jack,1980-03-26
Charlotte,2003-03-18
Sophia,1978-03-29
Elijah,1997-03-17
Aiden,2004-03-21
Ethan,1996-03-02
Mason,1989-03-25
Abigail,2006-03-14
Oliver,1983-03-27
Emily,1992-03-10
Avery,1994-03-30
Amelia,2005-03-22
Noah,1999-03-12
Mia,2007-03-26
Harper,1991-03-08
Liam,1984-03-21
Zoe,1998-03-29
Sophie,1985-03-16
Isabella,2000-03-19
James,1977-03-04
Lucas,1993-03-15
Scarlett,2004-03-29
Chloe,2008-03-07
Luna,1995-03-24
Ella,1982-03-11
Evelyn,1973-03-27
Jackson,1992-03-10
Jacob,2006-03-23
Aria,1998-03-28
Aiden,2003-03-17
Emma,2009-03-03
Lily,1996-03-12
Grace,2002-03-05
Logan,1989-03-20
Sophia,1997-03-14
Brooklyn,2001-03-18
Olivia,1980-03-09
Henry,1990-03-26
Zoey,2000-03-30
Michael,1988-03-22
Ethan,1994-03-02
Charlotte,2007-03-11
Madison,1995-03-19
Lucas,1981-03-08
Ava,2003-03-21
Aiden,1976-03-28
Mason,2009-03-15
Amelia,1998-03-10
Elijah,1991-03-17
Avery,1985-03-25
Zoe,2004-03-14
Noah,2001-03-27
Harper,1999-03-01
Isabella,1987-03-18
Emily,2006-03-05
Jack,1983-03-12
Liam,1978-03-28
Chloe,2000-03-29
Aria,1992-03-16
Sophie,1996-03-22
Oliver,1989-03-07
Ella,1994-03-30
Luna,2007-03-26
Logan,2005-03-09
Aiden,1984-03-21
Ava,1990-03-12
Scarlett,2002-03-19
Jacob,2004-03-02
Mia,1977-03-27
Ethan,1993-03-15
Lucas,1998-03-10
Avery,1982-03-25
Grace,1995-03-03
Emma,2001-03-18
Lily,1980-03-09
Jackson,2008-03-16
Madison,1996-03-20
Sophia,2003-03-29
Evelyn,1999-03-07
Harper,1984-03-28
Liam,2000-03-17
Noah,1991-03-27
Oliver,1987-03-04
Zoe,1992-03-24
Brooklyn,1994-03-10
Elijah,2006-03-23
Charlotte,1989-03-18
Isabella,2001-03-05
Aria,1995-03-14
Aiden,2007-03-30
Jacob,1975-03-22
Mason,1997-03-12
Olivia,2004-03-19
Ella,2000-03-28
Ava,1993-03-11
Sophie,1986-03-16
Logan,2002-03-31
Liam,1988-03-26
Grace,2009-03-22
Chloe,1990-03-05
Lucas,1982-03-12
Amelia,2005-03-07
Jackson,1996-03-29
Emma,1998-03-02
Sophia,1989-03-15
Oliver,2006-03-10
Ethan,1984-03-21
Avery,1991-03-27
Lily,2003-03-04
Harper,1995-03-09
Madison,2002-03-18
Aria,2007-03-26
Zoe,1990-03-31
Aiden,1977-03-17
Noah,2000-03-20
Brooklyn,1983-03-28
Isabella,1997-03-14
Charlotte,2004-03-18
Jacob,1992-03-10
Elijah,1985-03-17
Mason,2001-03-23
Liam,1994-03-02
Olivia,1979-03-29
Ella,2003-03-15
Ava,2008-03-30
Sophie,1991-03-16
Grace,1996-03-22
Lucas,1974-03-08
Emma,1993-03-10
Logan,2000-03-25
Oliver,1998-03-07
Chloe,2004-03-29
Ethan,1980-03-12
Avery,2006-03-14
Lily,1999-03-19
Harper,2001-03-08
Jackson,1993-03-18
Sophia,1987-03-29
Aria,2005-03-31
Isabella,2009-03-19
Noah,1996-03-12
Zoe,1981-03-14
Brooklyn,1997-03-18
Aiden,1989-03-28
Charlotte,2000-03-21
Jacob,2002-03-16
Elijah,1978-03-23
Mason,1990-03-10
Madison,2006-03-27
Olivia,1998-03-01
Ella,2007-03-05
Ava,1992-03-10
Sophie,1984-03-25
Grace,2005-03-30
Logan,1986-03-22
Emma,1991-03-12
Oliver,2000-03-19
Chloe,1994-03-03
Ethan,2009-03-18
Avery,1987-03-09
Lily,1997-03-24
Harper,2003-03-11
Lucas,1995-03-15
Jackson,1982-03-28
Madison,2000-03-16
Sophia,1976-03-29
Olivia,1992-03-15
Zoe,2007-03-22
Brooklyn,2005-03-02
Aiden,1994-03-21
Charlotte,1979-03-18
Isabella,1999-03-05
Jacob,2008-03-27
Elijah,1983-03-21
Mason,1993-03-16
Aria,2000-03-10
Liam,2006-03-23
